Energy_eV,Averaged_Absorbance
3.395957714849099141e+00,6.642677767109503133e-03
3.388626239991255229e+00,7.190100473361225701e-03
3.381326352530540813e+00,6.954530412486849798e-03
3.374057848766020218e+00,7.550478707260576718e-03
3.366820526744501496e+00,7.296388175282295628e-03
3.359614186241838052e+00,8.085460466120722792e-03
3.352438628744457638e+00,8.121991934507142089e-03
3.345203409949282225e+00,8.298123133082674352e-03
3.338089213126227861e+00,8.194243379978656538e-03
3.331005211411379285e+00,9.361328744080490288e-03
3.323951212974132208e+00,8.739465574118445573e-03
3.317015755824840095e+00,9.169963642380811464e-03
3.310020821098713206e+00,9.576526727704967601e-03
3.303055326176713269e+00,9.958903311058283150e-03
3.296119085592769782e+00,1.059885670338250353e-02
3.289211915435422462e+00,1.078815478552774820e-02
3.282333633331568912e+00,1.113918070690486303e-02
3.275484058430409018e+00,1.133967397752873481e-02
3.268663011387599848e+00,1.219110187574201469e-02
3.261870314349598843e+00,1.263868307471105977e-02
3.255105790938205512e+00,1.307576429328868861e-02
3.248369266235297204e+00,1.368872175277124903e-02
3.241660566767750939e+00,1.460000534255243357e-02
3.234979520492551774e+00,1.597734212867575262e-02
3.228325956782087669e+00,1.610244140842177069e-02
3.221783413011847674e+00,1.691027653316704016e-02
3.215183965566416724e+00,1.768586465543581579e-02
3.208611499249598875e+00,1.887369058660769150e-02
3.202065848934796843e+00,1.991717053333819445e-02
3.195546850840119468e+00,2.085481167309220438e-02
3.189054342514723750e+00,2.125844193737394180e-02
3.182669849336515977e+00,2.253999612955002660e-02
3.176229508196721341e+00,2.298827134593705787e-02
3.169815179324624754e+00,2.400282253708778055e-02
3.163426705444155385e+00,2.510279635245343810e-02
3.157063930544593777e+00,2.604473176240224008e-02
3.150806758988692557e+00,2.688584157541647895e-02
3.144494598569762545e+00,2.773261863080642847e-02
3.138207678485561924e+00,2.830436115200456182e-02
3.131945847645988934e+00,2.972382411759398949e-02
3.125787748928661625e+00,2.999399410982596381e-02
3.119575335228559343e+00,3.213557647659497085e-02
3.113387566536105489e+00,3.169736611635826096e-02
3.107224296489337956e+00,3.326809840979205735e-02
3.101162936101037548e+00,3.393396549409297830e-02
3.095047923322683747e+00,3.453715095475667907e-02
3.088956978800787123e+00,3.547611278991148753e-02
3.082966609482608700e+00,3.643224421604839697e-02
3.076923076923077094e+00,3.758803559023413815e-02
3.070903192253398917e+00,3.837065089534831552e-02
3.064982574091010381e+00,3.907128384951820410e-02
3.059009275705545594e+00,3.997384723573307874e-02
3.053059214575895908e+00,4.071149024820402973e-02
3.047207136362519275e+00,4.091040096545952437e-02
3.041302854900421515e+00,4.173755716612632255e-02
3.035495716034271929e+00,4.264733925964004496e-02
3.029636687922988347e+00,4.424056821244379961e-02
3.023800234100663342e+00,4.416755217048802529e-02
3.018059679696246889e+00,4.619096653446719963e-02
3.012267703145876663e+00,4.620421118096260799e-02
3.006570812016584604e+00,4.710361958036889812e-02
3.000822806253327535e+00,4.812736792321869322e-02
2.995096736793797287e+00,4.877290732368184251e-02
2.989464548325658555e+00,5.019093793675223625e-02
2.983781702680591064e+00,5.022970478080239498e-02
2.978191949274666239e+00,5.184935657112743623e-02
2.972551839865755774e+00,5.278897268724771358e-02
2.967004043739382091e+00,5.301425690441038258e-02
2.961406190294229912e+00,5.383997525755006980e-02
2.955899880810488600e+00,5.488285501267610444e-02
2.950343810226272012e+00,5.533742540366070467e-02
2.944878523760894762e+00,5.693739570896478447e-02
2.939363769971080398e+00,5.712875776103792241e-02
2.933939049782320563e+00,5.865972014309731725e-02
2.928465153626337081e+00,5.888339264379583576e-02
2.923080549727729238e+00,5.999205756754164703e-02
2.917647058823529260e+00,6.084212263751928584e-02
2.912302127859458079e+00,6.196358119508035139e-02
2.906976744186046346e+00,6.227742334369821414e-02
2.901602901602901241e+00,6.321263811091233642e-02
2.896316539368883447e+00,6.356970955678069302e-02
2.890982001305604676e+00,6.499730657928261268e-02
2.885734233185943687e+00,6.611274887660856248e-02
2.880505482252369465e+00,6.770733477923097932e-02
2.875228974888121236e+00,6.828610980677686515e-02
2.870038190024302605e+00,6.844354998359168663e-02
2.864799926069679703e+00,6.910881475586756750e-02
2.859646695263133420e+00,7.052861976815844036e-02
2.854511970534070020e+00,7.146051234947327357e-02
2.849330177623566662e+00,7.137080294090819566e-02
2.844232401312016822e+00,7.288541742866966322e-02
2.839152833428734812e+00,7.384990957510857712e-02
2.834026603281985413e+00,7.445820774961733890e-02
2.828983391129768155e+00,7.561338271271045297e-02
2.823958096105670723e+00,7.618482931882397668e-02
2.818950622897153924e+00,7.726966264703132026e-02
2.813897020446138875e+00,7.801168684426129651e-02
2.808925133084154702e+00,7.849893888525466545e-02
2.803970784433439611e+00,7.927463407081403179e-02
2.799033881853682626e+00,8.083720878969313794e-02
2.794051374493014883e+00,8.113051879587644677e-02
2.789149309460614568e+00,8.281598404410066283e-02
2.784264415304472884e+00,8.313488515350260510e-02
2.779396601963509461e+00,8.399459035661012429e-02
2.774483699908262935e+00,8.536709167289700806e-02
2.769649996649616863e+00,8.640235719610891985e-02
2.764833106646747751e+00,8.735895342509250594e-02
2.760032942328666472e+00,8.866785547028069314e-02
2.755249416731474277e+00,8.910692544907347634e-02
2.750421435542543147e+00,9.003039398247503211e-02
2.745671139453522702e+00,9.075696113831030476e-02
2.740937223695844693e+00,9.213114572029250382e-02
2.736219603689483026e+00,9.281023841738526847e-02
2.731518195435721275e+00,9.422879847836569678e-02
2.726832915512160671e+00,9.510882171008104569e-02
2.722163681067790719e+00,9.624035971512445720e-02
2.717450855777870267e+00,9.768001054288752427e-02
2.712813669080487600e+00,9.841171872421786149e-02
2.708192281651997213e+00,9.961481751484602132e-02
2.703586612885642726e+00,1.000081951500520067e-01
2.698996582722068549e+00,1.014438398128840735e-01
2.694422111644684037e+00,1.022800594524379270e-01
2.689863120675068942e+00,1.030034562242446716e-01
2.685319531368430379e+00,1.052288780195714119e-01
2.680791265809101542e+00,1.052811413728387546e-01
2.676278246606090594e+00,1.064289524377463048e-01
2.671780396888668641e+00,1.072127216956936663e-01
2.667297640302007000e+00,1.089623057719596722e-01
2.662829901002856214e+00,1.100878719323958865e-01
2.658377103655268581e+00,1.105808148821430525e-01
2.653939173426363762e+00,1.121169865122722126e-01
2.649516035982137030e+00,1.124110374912915267e-01
2.645107617483307916e+00,1.140702327031794944e-01
2.640713844581212832e+00,1.154971428618661727e-01
2.636334644413734107e+00,1.165506578268519500e-01
2.631969944601277867e+00,1.170231944968435772e-01
2.627619673242779008e+00,1.187191157511922474e-01
2.623283758911760355e+00,1.199419387954400867e-01
2.618962130652417120e+00,1.208334355953570305e-01
2.614654717975751108e+00,1.219255844260217769e-01
2.610361450855735566e+00,1.233403353814749442e-01
2.606082259725520878e+00,1.239913953666654522e-01
2.601817075473677576e+00,1.256622483536499468e-01
2.597565829440475760e+00,1.267593355764352336e-01
2.593328453414200485e+00,1.279826896528660496e-01
2.589158940950471610e+00,1.287179467181081838e-01
2.584948926412341308e+00,1.303220046861774395e-01
2.580752580752580627e+00,1.315600106118749446e-01
2.576569837509870009e+00,1.329595948450842391e-01
2.572400630653057796e+00,1.339046684544983323e-01
2.568244894577689230e+00,1.349976368570802721e-01
2.564102564102563875e+00,1.360835795447407903e-01
2.560026426079236916e+00,1.376662393238961002e-01
2.555910543130990753e+00,1.390790902183157152e-01
2.551807873562035756e+00,1.403338145127456527e-01
2.547718353845205730e+00,1.412342209269473181e-01
2.543641920859915029e+00,1.427214241389432314e-01
2.539630524720435822e+00,1.437069742443411735e-01
2.535579911663667474e+00,1.452164983376026397e-01
2.531542199175207397e+00,1.466081669315308922e-01
2.527517325723603658e+00,1.479805367988120401e-01
2.523556586686203751e+00,1.492533882461160311e-01
2.519557045616174218e+00,1.509286485315163850e-01
2.515570162091980588e+00,1.521882005861234233e-01
2.511595876121610171e+00,1.537055831009232487e-01
2.507684840640672874e+00,1.547584364704820414e-01
2.503735411702944003e+00,1.562222441697003472e-01
2.499798403354568155e+00,1.578566262815716270e-01
2.495923995088665581e+00,1.590737094453834322e-01
2.492011495407866040e+00,1.611962359710368276e-01
2.488111242651042332e+00,1.622312736288550883e-01
2.484272949473093739e+00,1.637479749082453861e-01
2.480396863498159465e+00,1.649211642219610974e-01
2.476532854004394046e+00,1.666398693660283148e-01
2.472730173290525801e+00,1.683369559903437340e-01
2.468889995022399031e+00,1.697291196763777432e-01
2.465061725940798976e+00,1.710859066991639033e-01
2.461294164350932956e+00,1.725692417550065416e-01
2.457489397122359254e+00,1.748788463087954936e-01
2.453696374861484841e+00,1.762172162671814257e-01
2.449963448125975773e+00,1.775753834974102552e-01
2.446193604387366438e+00,1.793208448790441500e-01
2.442483454144342758e+00,1.808427737361529286e-01
2.438736577115210746e+00,1.829329053000179062e-01
2.435048995542289152e+00,1.849256550834679214e-01
2.431324875982824096e+00,1.861585785101406154e-01
2.427612130229644283e+00,1.879923901684001919e-01
2.423958088982719694e+00,1.896692780789272226e-01
2.420267790920092033e+00,1.917396459491077787e-01
2.416635809085771136e+00,1.931136922932257249e-01
2.412967755745393017e+00,1.948653649660113674e-01
2.409357634166245710e+00,1.968334649024207350e-01
2.405711625019400834e+00,1.986443836637092897e-01
2.402123166928188169e+00,2.003218769587069015e-01
2.398499003849204225e+00,2.023823299310843760e-01
2.394932014833127454e+00,2.040891866709027003e-01
2.391329502063486157e+00,2.053243959755820525e-01
2.387783790029077480e+00,2.075653840573336018e-01
2.384202734142167657e+00,2.091968365554467135e-01
2.380678109280804922e+00,2.110273592642558649e-01
2.377163890113682232e+00,2.134785461632794923e-01
2.373614593901342218e+00,2.152770090091690458e-01
2.370121182002370208e+00,2.173102104053649120e-01
2.366592869684708500e+00,2.192024903528732582e-01
2.363120080803460699e+00,2.206163294650702045e-01
2.359612566839831782e+00,2.230658370359496490e-01
2.356160218894884917e+00,2.248350629842454096e-01
2.352717958447965163e+00,2.263870947092543884e-01
2.349241232972737237e+00,2.285753255399563810e-01
2.345819144911085896e+00,2.304489512466567080e-01
2.342407012108732811e+00,2.321627309506195391e-01
2.338960671508063971e+00,2.344224057686615792e-01
2.335568447223687283e+00,2.365594687439624144e-01
2.332186048261204458e+00,2.380902664116673617e-01
2.328769695945311469e+00,2.403097545957169345e-01
2.325406946215587745e+00,2.426504223721961950e-01
2.322053894121832940e+00,2.446042555622635062e-01
2.318667140372856927e+00,2.461069940763537245e-01
2.315333482709687196e+00,2.484010640052021213e-01
2.312009397199485061e+00,2.510189974592600959e-01
2.308651859023291397e+00,2.532614874903802993e-01
2.305346917528073192e+00,2.549948500067801826e-01
2.302051424858442719e+00,2.573244874380178904e-01
2.298765340550962488e+00,2.592308783067732714e-01
2.295446131062569339e+00,2.615171606414083416e-01
2.292178863892637253e+00,2.635808151681600098e-01
2.288920884557167579e+00,2.658783741055580352e-01
2.285672153508691018e+00,2.678738120351118468e-01
2.282390620110806623e+00,2.701266093964884707e-01
2.279160386722053122e+00,2.725780901562141478e-01
2.275939283813299241e+00,2.746389414426742004e-01
2.272727272727272485e+00,2.770811233919737715e-01
2.269524315024617156e+00,2.793208499462647709e-01
2.266330372482362687e+00,2.815536779396605183e-01
2.263104102788728422e+00,2.838791146521146835e-01
2.259928192604202302e+00,2.857628912431029455e-01
2.256761183707640228e+00,2.880548479860735589e-01
2.253603038729258490e+00,2.909067913020318974e-01
2.250453720508167166e+00,2.927590800528078741e-01
2.247313192090907297e+00,2.953770913806729737e-01
2.244181416730010703e+00,2.976483030845045730e-01
2.241017855851948237e+00,2.998722739203925070e-01
2.237903589669548055e+00,3.024403843876962705e-01
2.234797967054752643e+00,3.047749064312436640e-01
2.231700952072422250e+00,3.068254243827329697e-01
2.228612508986340668e+00,3.091608025431915041e-01
2.225532602257838999e+00,3.113643050927165090e-01
2.222461196544430972e+00,3.138986504263465704e-01
2.219398256698466021e+00,3.167070698160128206e-01
2.216343747765782357e+00,3.186829320549273703e-01
2.213297634984381812e+00,3.207763057423882458e-01
2.210259883783109558e+00,3.232125980108030427e-01
2.207230459780344933e+00,3.258049928713609433e-01
2.204209328782707811e+00,3.276469488151125264e-01
2.201196456783767630e+00,3.300822622351927138e-01
2.198191809962772414e+00,3.321596685656917902e-01
2.195195354683378675e+00,3.342027652491233458e-01
2.192207057492398192e+00,3.366971302919075093e-01
2.189226885118553678e+00,3.388312171208646140e-01
2.186254804471243762e+00,3.413792314501124525e-01
2.183290782639316863e+00,3.438417734352428590e-01
2.180334786889857934e+00,3.459145808035785641e-01
2.177386784666982766e+00,3.483796796144602581e-01
2.174446743590642939e+00,3.507227639934325514e-01
2.171514631455440103e+00,3.522968747773941867e-01
2.168590416229450923e+00,3.544826452530823180e-01
2.165674066053058677e+00,3.566722693581810821e-01
2.162765549237799512e+00,3.595973770051854035e-01
2.159864834265210476e+00,3.612783971985725207e-01
2.156971889785694430e+00,3.634113534598242823e-01
2.154124105343617757e+00,3.655799795743774894e-01
2.151246508561614146e+00,3.674896680113016734e-01
2.148376589625420330e+00,3.701172062418767728e-01
2.145514317847564634e+00,3.725234358203223795e-01
2.142659662703898071e+00,3.748428838049359668e-01
2.139812593832507659e+00,3.759930268277240639e-01
2.136973081032640387e+00,3.785114316711861160e-01
2.134177825203951606e+00,3.808144572415761986e-01
2.131353237422437985e+00,3.829371046597641048e-01
2.128536116451524407e+00,3.853073602909077855e-01
2.125726432722472747e+00,3.870818302845757675e-01
2.122924156822461939e+00,3.894885278632164716e-01
2.120165509694627914e+00,3.923263671301911448e-01
2.117377866571043210e+00,3.938083254331020133e-01
2.114597544338335577e+00,3.965732506256486323e-01
2.111824514195207669e+00,3.988579597513658981e-01
2.109058747491240560e+00,4.003181654218226360e-01
2.106335994564294101e+00,4.027096479292615050e-01
2.103584575975028237e+00,4.052695658572512682e-01
2.100840336134453867e+00,4.075394718874632560e-01
2.098138747884940702e+00,4.099112578815262697e-01
2.095408689186677442e+00,4.121922604218077879e-01
2.092685725858169921e+00,4.140340892908961901e-01
2.089969830274224449e+00,4.168418505031292742e-01
2.087296109886040085e+00,4.186993290487560637e-01
2.084594176585300218e+00,4.214700145779451401e-01
2.081899229361495074e+00,4.238575491373535731e-01
2.079246105605580208e+00,4.261475352308167763e-01
2.076564959640955443e+00,4.286956043297452390e-01
2.073890719339031019e+00,4.304449741665616891e-01
2.071257955133880113e+00,4.336072453492452738e-01
2.068597357533697778e+00,4.355004661099579621e-01
2.065943586411422395e+00,4.376795848450039106e-01
2.063330948300247769e+00,4.407394238448028578e-01
2.060690663741815420e+00,4.427352629417843355e-01
2.058091286307053736e+00,4.458916375617164585e-01
2.055464385764251389e+00,4.477817022643573175e-01
2.052844182504470094e+00,4.503656789916603564e-01
2.050264550264550234e+00,4.527589535810067067e-01
2.047657578810046619e+00,4.551890399529648357e-01
2.045090957069582327e+00,4.579397032873130935e-01
2.042497117443584198e+00,4.603577311644964087e-01
2.039943408021583693e+00,4.634220412293911240e-01
2.037362601251992089e+00,4.654613664850413834e-01
2.034788316376764161e+00,4.680916838051629725e-01
2.032253835059656399e+00,4.702150210103664407e-01
2.029692436121977916e+00,4.731787882596851236e-01
2.027170625643708313e+00,4.752200894427826006e-01
2.024622016131665703e+00,4.778664439887052029e-01
2.022112781709663576e+00,4.797013101722518713e-01
2.019576866072737342e+00,4.821322708171928428e-01
2.017080113867425695e+00,4.841619826053157327e-01
2.014556797504548857e+00,4.865964631296137988e-01
2.012072434607646176e+00,4.889973401703732736e-01
2.009561623855441237e+00,4.913798535343330554e-01
2.007089558278435160e+00,4.933721491806375425e-01
2.004623567259970596e+00,4.963490483529684472e-01
2.002131301062421098e+00,4.979452496975427245e-01
1.999677471375584492e+00,4.997078967216494472e-01
1.997197480954145066e+00,5.012421011924753644e-01
1.994755722857648461e+00,5.034031783892402023e-01
1.992287917737789238e+00,5.053323980008722627e-01
1.989858142371140781e+00,5.068347720983121807e-01
1.987434286446980503e+00,5.086761780296675806e-01
1.984984552337959451e+00,5.103340541259606677e-01
1.982572547765608650e+00,5.122054840909492368e-01
1.980166397853754923e+00,5.138376571231062506e-01
1.977734536986825775e+00,5.156095001257772203e-01
1.975340108962309271e+00,5.169169627458357619e-01
1.972920080826080724e+00,5.187817265768249753e-01
1.970537289239912893e+00,5.200679211251935108e-01
1.968160246337476105e+00,5.211902134846078116e-01
1.965757767913760556e+00,5.221003896102348607e-01
1.963392235100386518e+00,5.236207110315983515e-01
1.961032388663967563e+00,5.245447998611704188e-01
1.958678208125355313e+00,5.255334228005545949e-01
1.956298808866451022e+00,5.266676132388465881e-01
1.953955972959770415e+00,5.276427999649768719e-01
1.951618741835466020e+00,5.277553742529115244e-01
1.949256452982047971e+00,5.283153681366882237e-01
1.946930444339770805e+00,5.289305498788000603e-01
1.944609980240253444e+00,5.298097863491942894e-01
1.942295040882177970e+00,5.297227535643963536e-01
1.939955255870711159e+00,5.306149182319306323e-01
1.937651379013985320e+00,5.311471179698702416e-01
1.935352967801345248e+00,5.312513757246639656e-01
1.933060002806054722e+00,5.318003036476940393e-01
1.930772464693334189e+00,5.324708926584306168e-01
1.928460342146189666e+00,5.322014093371048027e-01
1.926183670933267145e+00,5.323760372528157925e-01
1.923912368894681313e+00,5.323957815007627214e-01
1.921646417059261092e+00,5.324604064530867875e-01
1.919385796545105771e+00,5.326065413340747012e-01
1.917100848780940447e+00,5.319810670384980122e-01
1.914850904149358213e+00,5.325003348240638923e-01
1.912606234479354628e+00,5.318539466278613403e-01
1.910366821242046376e+00,5.325439070338164882e-01
1.908132645995229693e+00,5.325602134828860690e-01
1.905903690382871440e+00,5.322583707234666006e-01
1.903679936134608619e+00,5.317088068471267359e-01
1.901461365065247655e+00,5.322123702522516542e-01
1.899218869658446884e+00,5.329878306931112864e-01
1.897010678334302369e+00,5.323273191024947559e-01
1.894807615904159581e+00,5.325882949096347740e-01
1.892609664519674162e+00,5.332846415815933883e-01
1.890416806415220696e+00,5.336183130565265165e-01
1.888229023907415760e+00,5.330829947447192074e-01
1.886046299394639858e+00,5.337913280336964439e-01
1.883868615356567577e+00,5.340473716605628196e-01
1.881695954353698186e+00,5.347157164101778992e-01
1.879528299026889337e+00,5.345869053455447606e-01
1.877365632096896331e+00,5.353232178677191921e-01
1.875207936363911365e+00,5.360142623157663211e-01
1.873055194707108573e+00,5.361775219637106016e-01
1.870907390084190824e+00,5.367765106712315548e-01
1.868764505530940312e+00,5.371791691414140590e-01
1.866626524160770906e+00,5.374701332607468851e-01
1.864493429164286065e+00,5.385488306625126897e-01
1.862365203808837189e+00,5.391599746619242239e-01
1.860241831438086857e+00,5.393626004283414987e-01
1.858123295471573622e+00,5.401918199810391563e-01
1.856009579404280796e+00,5.412542668989770434e-01
1.853900666806207465e+00,5.414869235117624191e-01
1.851796541321943712e+00,5.424298279907928677e-01
1.849697186670246740e+00,5.434419957059436479e-01
1.847602586643621425e+00,5.431756419290688642e-01
1.845512725107903096e+00,5.441295456505572670e-01
1.843454991451720870e+00,5.451393876214707390e-01
1.841374496963217089e+00,5.454470374852687931e-01
1.839298693207944702e+00,5.470170113656930289e-01
1.837227564340005781e+00,5.476189662431927285e-01
1.835161094584794705e+00,5.480519702329625931e-01
1.833099268238598478e+00,5.480510554334793172e-01
1.831042069668197270e+00,5.491949136143049470e-01
1.828989483310470954e+00,5.496353840318238815e-01
1.826968411126826952e+00,5.510070569957170594e-01
1.824924942603167066e+00,5.515044937125168634e-01
1.822886040221098458e+00,5.519916377914868555e-01
1.820851688693098325e+00,5.522828133110723181e-01
1.818821872799812223e+00,5.528050740129673013e-01
1.816823196729718370e+00,5.534975381397647665e-01
1.814802347534649529e+00,5.539532994103342212e-01
1.812785988918614644e+00,5.539768502217564672e-01
1.810774105930285316e+00,5.543396681287751093e-01
1.808766683684633003e+00,5.539428833387641804e-01
1.806790033513041127e+00,5.543093627626287656e-01
1.804791430151660769e+00,5.540924833665243909e-01
1.802797243464859811e+00,5.542920810884904848e-01
1.800807458828313168e+00,5.538658724404865730e-01
1.798848156905981099e+00,5.530820628557625573e-01
1.796867075309017681e+00,5.530220188616356003e-01
1.794890352464355354e+00,5.524488511701913795e-01
1.792943898207056019e+00,5.511093772352424480e-01
1.790975792940088906e+00,5.498266233152484528e-01
1.789012003693444042e+00,5.481143341832793725e-01
1.787052516285236647e+00,5.469821539613838324e-01
1.785123015130357205e+00,5.458762219057607945e-01
1.783172032959921882e+00,5.434857635776841889e-01
1.781225310637075454e+00,5.409743545941981813e-01
1.779308365619170607e+00,5.389855548545018360e-01
1.777370065648023578e+00,5.358047448921048339e-01
1.775435984078348461e+00,5.323427500840491877e-01
1.773531473032309735e+00,5.294009423764859390e-01
1.771605732001771738e+00,5.259533788578014679e-01
1.769709425129873948e+00,5.232455296573582659e-01
1.767791970802919499e+00,5.193912668122467879e-01
1.765878667046425488e+00,5.150629387377971824e-01
1.763994594210114508e+00,5.103190440812843676e-01
1.762089497093973334e+00,5.062689959492636671e-01
1.760213496862845117e+00,5.017106870015689557e-01
1.758316553699554641e+00,4.968578764213671395e-01
1.756423694722230033e+00,4.914767164056115800e-01
1.754559732854130916e+00,4.865403629434715826e-01
1.752674949469250398e+00,4.807903556448884785e-01
1.750818931435671466e+00,4.754149382821707959e-01
1.748942172073342682e+00,4.698711615048425938e-01
1.747094047199718281e+00,4.644722066412145800e-01
1.745225260728209271e+00,4.586191441148295134e-01
1.743384978770070148e+00,4.528450097340888658e-01
1.741524114491165953e+00,4.467816142004367719e-01
1.739691625629586014e+00,4.401967954738721378e-01
1.737838633274003897e+00,4.346551977280472268e-01
1.736013888111104908e+00,4.281675902440125192e-01
1.734168717833967310e+00,4.225617859751312766e-01
1.732351667388480010e+00,4.167790342583372332e-01
1.730514269764845459e+00,4.109396277288505650e-01
1.728704865467726393e+00,4.052952463737772848e-01
1.726875191488176586e+00,3.996508955288283205e-01
1.725073385178280905e+00,3.935077619296073470e-01
1.723275334926899882e+00,3.878772468850593680e-01
1.721457130164371296e+00,3.823145752941916053e-01
1.719666606570790401e+00,3.772402802861338222e-01
1.717856004876494369e+00,3.724351867698646457e-01
1.716072960779429168e+00,3.673819305493160048e-01
1.714269914562999375e+00,3.616518684975307263e-01
1.712494303194354250e+00,3.568148116386440361e-01
1.710722366315324594e+00,3.517061611334812987e-01
1.708930540242557861e+00,3.463526225515415891e-01
1.707165966820403336e+00,3.419999584807466020e-01
1.705405033695502670e+00,3.373801786863907526e-01
1.703624323358887693e+00,3.328122244700665866e-01
1.701870685277446116e+00,3.276184243249197214e-01
1.700120653723812714e+00,3.236458336412583736e-01
1.698350956007231627e+00,3.197708023177606163e-01
1.696608151928523434e+00,3.152075473859651811e-01
1.694868921024575537e+00,3.115144978304515977e-01
1.693110134083399387e+00,3.077032316758556152e-01
1.691378063917722718e+00,3.034411570742566178e-01
1.689649533983757612e+00,2.994409667439295042e-01
1.687901557225307769e+00,2.962399701701945443e-01
1.686180122112076685e+00,2.928176915877893638e-01
1.684462194691227266e+00,2.897626301806618399e-01
1.682747764252466416e+00,2.860629633936563887e-01
1.681014031044533397e+00,2.830876099862081330e-01
1.679306608884073793e+00,2.799657153115471253e-01
1.677602651694513947e+00,2.768609807024056679e-01
1.675902148939045766e+00,2.732292470679474894e-01
1.674182485890962191e+00,2.696723214089614129e-01
1.672488906273182252e+00,2.672979284702738934e-01
1.670798749595774568e+00,2.641607629470317797e-01
1.669112005491917072e+00,2.618484533991655150e-01
1.667428663636608244e+00,2.591685259010718667e-01
1.665726337282716907e+00,2.562192124299036977e-01
1.664049814136371763e+00,2.541443199658420804e-01
1.662376662376662484e+00,2.516733891039409365e-01
1.660706871844322308e+00,2.488367109583635717e-01
1.659040432420861189e+00,2.469662746715466373e-01
1.657377334028362625e+00,2.445503209378144527e-01
1.655717566629279602e+00,2.421418176542502465e-01
1.654039056664176721e+00,2.402121209551984216e-01
1.652385965379848942e+00,2.386514626607332268e-01
1.650736175084533741e+00,2.363581855008900501e-01
1.649089675900682339e+00,2.343061105465187033e-01
1.647446457990115354e+00,2.325950911386519271e-01
1.645806511553827178e+00,2.306400802340055622e-01
1.644169826831791026e+00,2.287537395739331902e-01
1.642536394102764641e+00,2.266851613063013138e-01
1.640906203684099118e+00,2.249482937054727016e-01
1.639279245931547058e+00,2.229538202601223373e-01
1.637633883173311711e+00,2.212023067744622318e-01
1.636013404754993683e+00,2.198222544701190495e-01
1.634396130171743344e+00,2.192335636194437942e-01
1.632782049931528423e+00,2.173746859056346903e-01
1.631171154579776017e+00,2.154578959061345944e-01
1.629563434699187630e+00,2.136188062666558030e-01
1.627958880909556205e+00,2.121257349304879469e-01
1.626357483867582943e+00,2.111602885072439706e-01
1.624759234266696328e+00,2.093376600605109383e-01
1.623164122836871837e+00,2.082472854118251060e-01
1.621572140344453183e+00,2.070954363218725502e-01
1.619983277591973136e+00,2.057592363158850246e-01
1.618397525417977212e+00,2.043645160490620560e-01
1.616814874696847149e+00,2.032067449240286816e-01
1.615235316338626159e+00,2.019812573455971594e-01
1.613658841288844847e+00,2.006108588382388425e-01
1.612106399022335657e+00,2.001630918169506057e-01
1.610536022755315599e+00,1.987947053347983439e-01
1.608968702963616604e+00,1.976605778244437672e-01
1.607404430732535694e+00,1.959114123669125351e-01
1.605843197182004189e+00,1.949186462757034888e-01
1.604284993466420062e+00,1.938335282079866051e-01
1.602729810774480512e+00,1.928860421120868751e-01
1.601177640329016327e+00,1.921481100772251260e-01
1.599628473386826455e+00,1.906743859785955120e-01
1.598082301238513914e+00,1.893133010226653867e-01
1.596559671417719262e+00,1.887924800696673400e-01
1.595019423220395804e+00,1.882212093172747902e-01
1.593482144004523482e+00,1.876684144820467415e-01
1.591947825193858357e+00,1.867620521618563456e-01
1.590416458245154985e+00,1.858555553842846098e-01
1.588888034648010095e+00,1.848900787265457257e-01
1.587362545924702717e+00,1.839695933864711475e-01
1.585860265247918566e+00,1.827981069190776076e-01
1.584340582117394591e+00,1.822077470781749420e-01
1.582823808733613280e+00,1.812279083269868751e-01
1.581309936747602674e+00,1.808939241159001898e-01
1.579798957842300400e+00,1.805248761399358415e-01
1.578310952714313098e+00,1.799582380038417528e-01
1.576805696846388605e+00,1.791727586721113541e-01
1.575303309407355634e+00,1.784397789067138640e-01
1.573803782205863699e+00,1.772263714591342798e-01
1.572327044025157328e+00,1.764904447051087455e-01
1.570833174983214953e+00,1.755674614876899797e-01
1.569342141898903975e+00,1.745594328469435019e-01
1.567853936704219242e+00,1.739562263244814611e-01
1.566388337986180490e+00,1.741112510833287552e-01
1.564905727050152739e+00,1.740781549175237641e-01
1.563425920088762355e+00,1.728757823518135561e-01
1.561968584277022787e+00,1.720004144168686133e-01
1.560494324331126892e+00,1.712638638313928319e-01
1.559022844713781053e+00,1.702453994997422670e-01
1.557573702126590520e+00,1.692107432398508859e-01
1.556107722812037242e+00,1.690456540134932517e-01
1.554644500445079736e+00,1.685190527593584675e-01
1.553203482182000439e+00,1.680693548480623190e-01
1.551745713928169179e+00,1.675591892827640594e-01
1.550290679502406732e+00,1.671370401728049793e-01
1.548857717433392844e+00,1.665496151428695615e-01
1.547408091446826450e+00,1.663949540525910264e-01
1.545961176426585482e+00,1.658761707600142354e-01
1.544536203181246181e+00,1.657376607171008875e-01
1.543094651434829156e+00,1.646900109883635832e-01
1.541674955241694844e+00,1.644525985488155539e-01
1.540238737004235636e+00,1.643904607080236280e-01
1.538805192226551766e+00,1.637138086954396110e-01
1.537393374330490170e+00,1.623590627001208486e-01
1.535965118727626422e+00,1.624639822304344561e-01
1.534558505043004839e+00,1.620655162273761662e-01
1.533135509396637008e+00,1.612739602836882891e-01
1.531734071200929082e+00,1.605612835180955100e-01
1.530316306507546686e+00,1.605132738540143711e-01
1.528920015289200185e+00,1.595471314880902713e-01
1.527507452758136486e+00,1.595854717096123754e-01
1.526116280214640852e+00,1.592256036335326086e-01
1.524708891266123301e+00,1.589861522793788451e-01
1.523322809302096958e+00,1.577041778374565495e-01
1.521920565565319849e+00,1.579002000349618851e-01
1.520539546290619271e+00,1.570301150508306431e-01
1.519142419601837712e+00,1.563910995663585213e-01
1.517766435329685804e+00,1.562951765701347528e-01
1.516374397730329893e+00,1.566478657188446200e-01
1.515003420975466586e+00,1.560892486223015019e-01
1.513616444710276676e+00,1.557546929667881497e-01
1.512250448187128837e+00,1.552824355068206097e-01
1.510868505702310127e+00,1.551219470052190297e-01
1.509507462323180560e+00,1.548256094594170074e-01
1.508148868888348204e+00,1.547183836972280402e-01
1.506774409137857651e+00,1.545171847082252581e-01
1.505420728672194564e+00,1.533766733578411090e-01
1.504051234777545876e+00,1.527331679536433340e-01
1.502702440679609452e+00,1.536378709561335987e-01
1.501356063541263053e+00,1.538164583778635353e-01
1.499993951637291767e+00,1.527345355735319765e-01
1.498652421411392321e+00,1.519076059682642477e-01
1.497295208655332388e+00,1.512416945845910798e-01
1.495958499215828352e+00,1.510156528170669699e-01
1.494624174340677847e+00,1.503461319857422318e-01
1.493274244632040393e+00,1.498032243126748153e-01
1.491944701791536820e+00,1.489957486489833782e-01
1.490617524372798597e+00,1.491873312280584674e-01
1.489274819245274051e+00,1.491449932827092206e-01
1.487952385523663157e+00,1.491049336398425629e-01
1.486632298285577303e+00,1.488345297073067619e-01
1.485296759896987506e+00,1.483448381444673059e-01
1.483981378427219111e+00,1.472305265525664653e-01
1.482668324704363050e+00,1.479338065035277483e-01
1.481357592554983338e+00,1.479458855624391500e-01
1.480031510348284840e+00,1.470941594322310031e-01
1.478725434077466261e+00,1.464246281771900970e-01
1.477421660907899614e+00,1.457056185294519079e-01
1.476120184753107134e+00,1.449668825774857450e-01
1.474803458651982035e+00,1.447407294160966973e-01
1.473506589188739557e+00,1.442853323789054232e-01
1.472211998527787946e+00,1.444735887427526788e-01
1.470919680668082208e+00,1.449322705207257700e-01
1.469612212003413410e+00,1.444721476077034938e-01
1.468324452338661823e+00,1.439847701228126886e-01
1.467038947517864678e+00,1.438452030414646698e-01
1.465755691623915391e+00,1.436673055528356058e-01
1.464474678760393056e+00,1.440004889131882293e-01
1.463178637591891151e+00,1.433804628662761760e-01
1.461902123294938738e+00,1.430728136008556639e-01
1.460627834383650292e+00,1.426073057268783806e-01
1.459355765043721664e+00,1.422898891832923007e-01
1.458085909481086073e+00,1.417785826756531864e-01
1.456818261921825286e+00,1.415878222021406396e-01
1.455552816612083467e+00,1.411150157085789003e-01
1.454272511903924148e+00,1.413310771919301934e-01
1.453011483477853361e+00,1.415068853160637852e-01
1.451752640082422108e+00,1.410162449181729949e-01
1.450495976043421287e+00,1.401816624348747875e-01
1.449241485706271426e+00,1.405644160855103741e-01
1.447989163435938087e+00,1.403751178003881106e-01
1.446739003616847485e+00,1.399761613738955690e-01
1.445491000652802338e+00,1.388392010783570107e-01
1.444245148966898817e+00,1.387373565585184321e-01
1.443001443001442841e+00,1.384719287686804745e-01
1.441759877217868580e+00,1.382900940022051550e-01
1.440520446096654306e+00,1.379905695620994854e-01
1.439283144137242676e+00,1.378149204739856637e-01
1.438031288777557481e+00,1.376213999613470351e-01
1.436798257302758897e+00,1.371227564227842921e-01
1.435567338527617309e+00,1.371767811350068922e-01
1.434338527026870702e+00,1.367299067479372521e-01
1.433111817393816878e+00,1.366702643885757962e-01
1.431887204240233746e+00,1.365707157789256276e-01
1.430664682196300941e+00,1.360839479693577991e-01
1.429444245910521438e+00,1.361238723495154235e-01
1.428225890049642288e+00,1.362364062100163697e-01
1.427026031716804200e+00,1.355964040021784556e-01
1.425811792843344694e+00,1.352864017333159918e-01
1.424599618574940996e+00,1.348409341569772046e-01
1.423389503650305477e+00,1.345124107372934752e-01
1.422181442826012221e+00,1.344974352134825635e-01
1.420975430876421086e+00,1.340274741694561511e-01
1.419771462593601985e+00,1.335864308924691324e-01
1.418569532787260279e+00,1.336369604583556303e-01
1.417369636284662615e+00,1.339446508822727533e-01
1.416171767930561876e+00,1.335583276714002454e-01
1.414975922587123680e+00,1.335729767132667889e-01
1.413782095133853112e+00,1.333777348667102292e-01
1.412590280467521664e+00,1.330132185114810683e-01
1.411416538614763017e+00,1.325565592167681217e-01
1.410228707252442426e+00,1.319655174536518705e-01
1.409042873538402185e+00,1.319300758992510980e-01
1.407859032437526192e+00,1.319752082428801987e-01
1.406677178931605932e+00,1.326733808354218225e-01
1.405497308019268976e+00,1.304505365917355275e-01
1.404319414715908376e+00,1.296389945010377465e-01
1.403159371746707018e+00,1.295933325560051919e-01
1.401985392216719806e+00,1.298304789931823411e-01
1.400813375508359604e+00,1.302263257026087528e-01
1.399643316703162554e+00,1.301431428422455128e-01
1.398475210899084331e+00,1.299032397815742534e-01
1.397324799134560092e+00,1.297510040118341479e-01
1.396160558464223378e+00,1.293376925502501551e-01
1.394998256252179658e+00,1.287804167188089099e-01
1.393837887661162567e+00,1.281487979883393358e-01
1.392695089626667881e+00,1.283044167980906258e-01
1.391538547862192665e+00,1.284173469193298778e-01
1.390383925367778994e+00,1.283308541840121053e-01
1.389231217369871541e+00,1.275227448900637106e-01
1.388095957730239416e+00,1.270304146316921790e-01
1.386947038756221717e+00,1.270359176160299752e-01
1.385800020116451980e+00,1.267425786840819524e-01
1.384654897100041415e+00,1.262785161695130498e-01
1.383527101510722446e+00,1.263048623588687303e-01
1.382385730211817210e+00,1.264331636626570832e-01
1.381246240559627525e+00,1.259841461804659390e-01
1.380123988558326964e+00,1.249130547672213376e-01
1.378988222995740642e+00,1.246050194784370513e-01
1.377854325240291056e+00,1.248292688588079208e-01
1.376737576053648437e+00,1.251509520657101970e-01
1.375607375030507562e+00,1.248998109016319497e-01
1.374479028110312973e+00,1.250879009320591539e-01
1.373367741363842764e+00,1.246398230790912165e-01
1.372243064085964415e+00,1.241782885667121611e-01
1.371120227340579589e+00,1.238716435219607975e-01
1.370014363053806195e+00,1.239075507354702593e-01
1.368895169124790145e+00,1.236282555065351119e-01
1.367792889683091095e+00,1.240312122831773445e-01
1.366677320871587442e+00,1.241884662225928998e-01
1.365563570287979811e+00,1.234881574791365233e-01
1.364466647593477022e+00,1.226511370131063983e-01
1.363356495734013629e+00,1.225101296532017520e-01
1.362263114528975638e+00,1.215035442656561271e-01
1.361156543979626488e+00,1.213413168115472507e-01
1.360066687140788710e+00,1.205239349551339434e-01
1.358963680599697410e+00,1.205777680289754211e-01
1.357862461673236876e+00,1.211387427502851055e-01
1.356777871390588031e+00,1.210582003683978447e-01
1.355680190669859231e+00,1.206532478305795270e-01
1.354599082368363572e+00,1.200138104252196636e-01
1.353504922828388635e+00,1.196085164070991580e-01
1.352427279767033586e+00,1.187900090746531190e-01
1.351336624491886518e+00,1.184423516930872139e-01
1.350262430036805572e+00,1.187707945282130001e-01
1.349175262218740512e+00,1.185823444105950503e-01
1.348104499842358805e+00,1.179036947758789755e-01
1.347020802780946269e+00,1.173988197678389883e-01
1.345953456061132369e+00,1.173357631861182970e-01
1.344873213162404380e+00,1.173923386810237224e-01
1.343809265781630957e+00,1.181530208511877983e-01
1.342747000476458563e+00,1.184493790800797697e-01
1.341671896301746214e+00,1.178983736957044115e-01
1.340613006108438254e+00,1.177962804244273715e-01
1.339541315127094290e+00,1.170490806665892281e-01
1.338485783985665201e+00,1.160051442238707459e-01
1.337417489969368933e+00,1.160299426020525160e-01
1.336365301921563997e+00,1.159926577819855587e-01
1.335314768150589027e+00,1.160828766853737870e-01
1.334251527933201231e+00,1.158630192541748039e-01
1.333204313561053178e+00,1.147694974591032535e-01
1.332144430239678545e+00,1.149204128781765588e-01
1.331100519558589879e+00,1.146000759560016069e-01
1.330058243679541841e+00,1.144710175444048489e-01
1.329003354661693725e+00,1.141435954483663168e-01
1.327964359150102913e+00,1.141617733136767870e-01
1.326926986912647433e+00,1.141924601858493593e-01
1.325877056980635738e+00,1.146560573629457208e-01
1.324842942006068558e+00,1.146120701308294271e-01
1.323810438885864027e+00,1.141816089445929078e-01
1.322765433152342185e+00,1.140299664742262242e-01
1.321736164406924319e+00,1.136215568942424287e-01
1.320708496202963156e+00,1.129704647077878210e-01
1.319682424810029620e+00,1.113861844880668917e-01
1.318643923603726176e+00,1.113426694695372615e-01
1.317621056434559845e+00,1.111124185875790316e-01
1.316599774903909337e+00,1.112712087507508191e-01
1.315566117806824087e+00,1.117788630445076536e-01
1.314548018106838967e+00,1.114909934493425597e-01
1.313531492976843795e+00,1.109993435088027502e-01
1.312516538766869578e+00,1.105920944422559976e-01
1.311489280690435688e+00,1.107172872876529129e-01
1.310477478810424534e+00,1.101683947340554998e-01
1.309467236918527844e+00,1.095337865289697787e-01
1.308458551409758641e+00,1.091664593958734802e-01
1.307451418690228850e+00,1.088357922758962093e-01
1.306432070800189749e+00,1.084423093304246744e-01
1.305428054069987853e+00,1.080454372257902695e-01
1.304425579364828947e+00,1.077784527152393090e-01
1.303424643134946548e+00,1.077412209927160330e-01
1.302425241841461245e+00,1.080132360193622604e-01
1.301413713122238525e+00,1.076671817198149445e-01
1.300417392033894837e+00,1.072406414716848139e-01
1.299422595282257564e+00,1.062158946344315125e-01
1.298429319371727786e+00,1.061615119830085635e-01
1.297437560817385593e+00,1.054613119317728692e-01
1.296447316144951234e+00,1.042383739039635798e-01
1.295458581890742700e+00,1.036424456858698190e-01
1.294457841387157693e+00,1.026131565693496756e-01
1.293472138192894194e+00,1.032790867281538350e-01
1.292487935042057945e+00,1.027928354348991574e-01
1.291505228513102566e+00,1.026330455006610742e-01
1.290524015194879581e+00,1.024689539456672682e-01
1.289544291686599120e+00,1.019119178726004965e-01
1.288566054597790833e+00,1.016496720693094574e-01
1.287589300548263926e+00,1.009380593864283027e-01
1.286614026168069191e+00,1.004789670090878717e-01
1.285640228097459925e+00,1.001312144589666525e-01
1.284667902986852850e+00,1.000921594370173251e-01
1.283697047496790811e+00,1.001777160406637501e-01
1.282727658297903028e+00,9.914359120178903306e-02
1.281759732070868907e+00,9.896580284177163012e-02
1.280793265506378065e+00,9.872425678093937895e-02
1.279828255305094586e+00,9.804125830299625921e-02
1.278851508838513951e+00,9.807033098659743986e-02
1.277889421342814469e+00,9.780860833305120294e-02
1.276941930035939698e+00,9.733536674905135522e-02
1.275982712492282456e+00,9.653427068278101764e-02
1.275024934963445933e+00,9.656120121821117064e-02
1.274068594209152749e+00,9.622345299754044012e-02
1.273113686998839755e+00,9.629233807015182001e-02
1.272160210111621836e+00,9.640919864965623309e-02
1.271208160336255055e+00,9.617583999309989307e-02
1.270257534471101790e+00,9.570853748938699945e-02
1.269308329324093432e+00,9.535935030703872328e-02
1.268360541712695966e+00,9.499554134058507682e-02
1.267414168463873558e+00,9.458469505180189252e-02
1.266469206414053694e+00,9.454036568227655590e-02
1.265525652409091428e+00,9.352387418194486879e-02
1.264583503304234302e+00,9.397977195045538468e-02
1.263642755964088149e+00,9.386495160705803087e-02
1.262703407262581123e+00,9.353796148703480418e-02
1.261778293343101875e+00,9.264921079574688079e-02
1.260841713524560870e+00,9.198983056904413980e-02
1.259906523064417749e+00,9.160143681934707072e-02
1.258972718873422547e+00,9.084412950857191638e-02
1.258040297871477087e+00,9.090276505983856115e-02
1.257109256987601231e+00,9.023468676721511927e-02
1.256179593159899577e+00,8.984550107504805927e-02
1.255264010366051064e+00,8.976832487778509118e-02
1.254337072741434467e+00,9.007825978296564451e-02
1.253411503082987988e+00,8.973795700029811584e-02
1.252487298364695967e+00,8.870163658149789188e-02
1.251564455569461831e+00,8.838694959968225462e-02
1.250642971689073901e+00,8.879161555651503279e-02
1.249735439070358112e+00,8.814617329838300708e-02
1.248816645517352386e+00,8.777437519865440019e-02
1.247899201948333037e+00,8.736103325364651118e-02
1.246983105390184976e+00,8.729175220457772999e-02
1.246080874668381799e+00,8.724970468660775413e-02
1.245167444896319697e+00,8.681965380117112607e-02
1.244255353308314493e+00,8.715940629704327369e-02
1.243344596965838100e+00,8.631830999581381614e-02
1.242447621814975589e+00,8.712761228528789759e-02
1.241539508991148955e+00,8.644134733634456502e-02
1.240632722688571166e+00,8.565224192218824639e-02
1.239752049590082006e+00,8.560952002826041629e-02
1.238885003496852821e+00,8.511676393960541931e-02
1.237895577518218992e+00,8.511219668096131619e-02
1.237031125299281831e+00,8.481684439370594519e-02
1.236167879573322637e+00,8.569636643980250990e-02
1.235182787130192361e+00,8.529312047246141726e-02
1.234322118256022227e+00,8.485416276642662736e-02
1.233462647965781311e+00,8.533683447279274970e-02
1.232604373757455241e+00,8.463392642530788434e-02
1.231624950337703694e+00,8.470303764923443890e-02
1.230769230769230838e+00,8.466870408383590785e-02
1.229914699464391914e+00,8.400420804026287325e-02
1.229061353949846502e+00,8.367017125243414455e-02
1.228087550757650748e+00,8.379986110840074998e-02
1.227236737925573973e+00,8.304732809170743690e-02
1.226387103154979785e+00,8.332785318442981204e-02
1.225538644000790711e+00,8.258840232287960326e-02
1.224570412798735797e+00,8.289293277689449568e-02
1.223724464620546737e+00,8.228641515249685012e-02
1.222879684418145985e+00,8.151481596818274666e-02
1.222036069774317557e+00,8.068057011976870196e-02
1.221073362875430890e+00,7.964587193362011874e-02
1.220232237748474668e+00,7.880756726579581095e-02
1.219392270626413532e+00,7.889286090338437640e-02
1.218553459119496862e+00,7.875163119518388544e-02
1.217596229379418693e+00,7.833986166923195826e-02
1.216759886174075156e+00,7.854583357320400749e-02
1.215924691115905176e+00,7.811511081244550125e-02
1.214971585341955596e+00,7.656811209999243861e-02
1.214138842651522721e+00,7.676918354690881463e-02
1.213307240704500911e+00,7.711716591028724976e-02
1.212476777158501884e+00,7.634210374245686825e-02
1.211529066927210518e+00,7.672402651017107278e-02
1.210701034954110522e+00,7.628404379892905762e-02
1.209874134061859507e+00,7.605295178252494126e-02
1.209048361934477400e+00,7.489992629856175033e-02
1.208106001558846287e+00,7.412916093212555679e-02
1.207282640443968491e+00,7.370274351719029171e-02
1.206460400856197657e+00,7.385417244695755001e-02
1.205639280505590660e+00,7.341839701339201996e-02
1.204819277108433617e+00,7.291011397933733207e-02
1.203883495145630977e+00,7.246588118827977654e-02
1.203065877558940455e+00,7.311476678496586779e-02
1.202249369788636724e+00,7.146823181089097254e-02
1.201433969576591432e+00,7.138700825465112143e-02
1.200503436925162148e+00,7.085165998399377274e-02
1.199690402476780271e+00,7.011906582774209140e-02
1.198878468529440244e+00,6.987341592764259590e-02
1.198067632850241537e+00,6.946057969414135003e-02
1.197142305464375500e+00,6.898099184851209931e-02
1.196333815726001060e+00,6.818450566989529837e-02
1.195526417277285036e+00,6.815342386832998200e-02
1.194720107910203222e+00,6.693538636845645928e-02
1.193799942235486578e+00,6.650570646578080058e-02
1.192995959207234780e+00,6.655180627102121049e-02
1.192193058359773294e+00,6.598182541831659753e-02
1.191391237509608070e+00,6.632428413072286033e-02
1.190476190476190688e+00,6.521618276336013653e-02
1.189676676580639025e+00,6.528876842920039447e-02
1.188878235858101595e+00,6.517474181721362447e-02
1.188080866149276549e+00,6.457195553810865518e-02
1.187284565300650963e+00,6.336116704774273634e-02
1.186375813241484778e+00,6.371578350837842075e-02
1.185581795582751674e+00,6.276527120883541866e-02
1.184788840053506709e+00,6.243766247136647851e-02
1.183996944524014161e+00,6.214810779951109726e-02
1.183093216296155159e+00,6.175845044357910346e-02
1.182303585049580441e+00,6.163391649622696616e-02
1.181515007146260121e+00,6.058033842401059493e-02
1.180727480479908609e+00,6.096313283245385212e-02
1.179828734538534762e+00,5.932765396993703449e-02
1.179043453456308788e+00,5.890564432806402045e-02
1.178259217027745942e+00,5.880120504479339344e-02
1.177476023169689689e+00,5.811612052398012346e-02
1.176693869804517067e+00,5.756337048558497760e-02
1.175801251659396973e+00,5.694555745387482742e-02
1.175021320951388226e+00,5.655009164507894537e-02
1.174242424242424310e+00,5.645229945426047391e-02
1.173464559477618963e+00,5.565608541196193082e-02
1.172576832151300152e+00,5.498193839886544171e-02
1.171801171801171826e+00,5.433954462714167544e-02
1.171026536972329612e+00,5.423131918088062303e-02
1.170252925632314200e+00,5.407849318316346882e-02
1.169480335754031985e+00,5.343122564841156635e-02
1.168598624069361991e+00,5.351332169822679841e-02
1.167828216236579397e+00,5.293195404283258104e-02
1.167058823529411704e+00,5.275699551141149052e-02
1.166290443942814115e+00,5.222494873694192435e-02
1.165523075477018500e+00,5.202189244553707959e-02
1.164647318493472250e+00,5.158885698658537827e-02
1.163882110005631576e+00,4.991165581814988039e-02
1.163117906387768574e+00,4.951609985137306325e-02
1.162354705661792220e+00,4.973209060613445476e-02
1.161483701760959164e+00,4.908951669925633310e-02
1.160722643452213765e+00,4.932529995478907026e-02
1.159962581852198360e+00,4.846741799952612034e-02
1.159203515004206819e+00,4.833937144075965697e-02
1.158445440956651584e+00,4.786753536143880522e-02
1.157580283793876008e+00,4.774577313176562449e-02
1.156824330627856945e+00,4.815948977911926193e-02
1.156069364161849800e+00,4.674163993619433882e-02
1.155315382465293972e+00,4.705477654444128327e-02
1.154562383612662835e+00,4.619535110931980576e-02
1.153703014514328329e+00,4.663468311896818569e-02
1.152952115295211577e+00,4.613944413168183378e-02
1.152202192900947830e+00,4.585441741698029899e-02
1.151453245426687699e+00,4.569628535850884382e-02
1.150705270972531613e+00,4.578703691274187138e-02
1.149851632047477645e+00,4.470332428689374055e-02
1.149105736261699651e+00,4.479046673314756449e-02
1.148360807556955132e+00,4.466851462179405319e-02
1.147616844053678919e+00,4.450959829466565737e-02
1.146873843877173504e+00,4.416319610842246723e-02
1.146025878003696929e+00,4.353501453148458933e-02
1.145284935808626559e+00,4.355547772483100988e-02
1.144544951079933481e+00,4.338677634769323027e-02
1.143805921962918637e+00,4.263834238609865573e-02
1.143067846607669580e+00,4.287744838679118792e-02
1.142225497420781277e+00,4.190256037677555362e-02
1.141489459633618697e+00,4.218599951211429028e-02
1.140754369825206949e+00,4.151827828640108908e-02
1.140020226165302963e+00,4.113711182810659422e-02
1.139287026828371907e+00,4.150765340141687049e-02
1.138450238707308104e+00,4.148677688943996911e-02
1.137719056794201267e+00,4.061809366611100064e-02
1.136988813497157524e+00,4.128771789545768872e-02
1.136259507009988123e+00,4.005314707620088316e-02
1.135531135531135494e+00,4.042307310369894213e-02
1.134803697263658817e+00,4.033508979989226806e-02
1.133973479652492067e+00,3.924944146157054170e-02
1.133248035094132744e+00,3.935722268589871703e-02
1.132523518129509466e+00,3.944159260124899952e-02
1.131799926980650017e+00,3.790902763718352608e-02
1.131077259874122110e+00,3.884974443374562825e-02
1.130252483820982645e+00,3.852249478512340813e-02
1.129531790854436224e+00,3.794239534908270400e-02
1.128812016385980943e+00,3.824030777108227558e-02
1.128093158660844253e+00,3.817343539645945416e-02
1.127375215928720698e+00,3.771861120984949800e-02
1.126658186443758147e+00,3.757849130624132949e-02
1.125839840203377351e+00,3.795936261830980957e-02
1.125124761818346864e+00,3.794163656246934968e-02
1.124410591222343214e+00,3.706010419838879494e-02
1.123697326687811415e+00,3.669945950226851522e-02
1.122984966491577641e+00,3.678514538420867702e-02
1.122171945701357476e+00,3.694592122777026755e-02
1.121461517590666590e+00,3.657832367043019339e-02
1.120751988430947144e+00,3.634304587924067076e-02
1.120043356517026467e+00,3.641894467465962848e-02
1.119335620148041111e+00,3.646426316363609449e-02
1.118628777627424409e+00,3.575227466364806067e-02
1.117822049941404439e+00,3.511988243039088076e-02
1.117117117117117031e+00,3.545751509958189329e-02
1.116413072836949683e+00,3.543704645347951071e-02
1.115709915421990273e+00,3.566300521433271586e-02
1.115007643197554188e+00,3.510144255018099457e-02
1.114306254493170334e+00,3.450252959663694524e-02
1.113505747126436907e+00,3.469961375619962096e-02
1.112806246073768435e+00,3.505314024165633036e-02
1.112107623318385752e+00,3.455655229990804017e-02
1.111409877207134578e+00,3.384615723220534000e-02
1.110713006091006649e+00,3.411388169062714443e-02
1.110017008325127730e+00,3.361896521950211159e-02
1.109222649610877465e+00,3.325018547149166670e-02
1.108528517790094758e+00,3.314420732631580269e-02
1.107835254176717577e+00,3.304218470627320187e-02
1.107142857142857206e+00,3.249962606132753701e-02
1.106451325064691682e+00,3.207535818155726748e-02
1.105760656322454016e+00,3.180310540667893870e-02
1.104972375690607800e+00,3.177811460629251933e-02
1.104283551518389750e+00,3.187973072282798692e-02
1.103595585617657582e+00,3.169539193030523894e-02
1.102908476385306535e+00,3.106668767285599569e-02
1.102222222222222214e+00,3.093683911859669566e-02
1.101536821533268151e+00,3.097308147935732767e-02
1.100852272727272707e+00,3.098005642751192404e-02
1.100070972320794871e+00,3.093833491893826712e-02
